{
  "type": "FeatureCollection",
  "generator": "overpass-turbo",
  "copyright": "The data included in this document is from www.openstreetmap.org. The data is made available under ODbL.",
  "timestamp": "2026-07-29T11:13:11Z",
  "features": [
    {
      "type": "Feature",
      "properties": {
        "@id": "way/10302397",
        "highway": "residential",
        "name": "সড়ক ৫০",
        "name:bn": "সড়ক ৫০",
        "name:en": "Road 50",
        "smoothness": "good",
        "surface": "asphalt"
      },
      "geometry": {
        "type": "LineString",
        "coordinates": [
          [
            90.4103235,
            23.7983718
          ],
          [
            90.4103274,
            23.7982588
          ],
          [
            90.4103536,
            23.7975023
          ],
          [
            90.4105035,
            23.7962834
          ],
          [
            90.4105731,
            23.7953382
          ],
          [
            90.410649,
            23.7947316
          ],
          [
            90.4106685,
            23.7943903
          ],
          [
            90.4107034,
            23.7937465
          ]
        ]
      },
      "id": "way/10302397"
    },
    {
      "type": "Feature",
      "properties": {
        "@id": "way/10303656",
        "highway": "footway",
        "lit": "no",
        "smoothness": "good",
        "surface": "paved"
      },
      "geometry": {
        "type": "LineString",
        "coordinates": [
          [
            90.4101569,
            23.793611
          ],
          [
            90.4100632,
            23.793811
          ],
          [
            90.4100013,
            23.7943104
          ],
          [
            90.4099652,
            23.7947137
          ],
          [
            90.4099457,
            23.7949316
          ],
          [
            90.4098663,
            23.7953675
          ],
          [
            90.4098584,
            23.7965081
          ],
          [
            90.4096855,
            23.7972706
          ],
          [
            90.4093362,
            23.7973744
          ],
          [
            90.4089154,
            23.7973693
          ],
          [
            90.4086182,
            23.7974423
          ],
          [
            90.4084597,
            23.79752
          ],
          [
            90.4080608,
            23.7979344
          ],
          [
            90.4079437,
            23.7981321
          ],
          [
            90.4079023,
            23.7982984
          ],
          [
            90.4079103,
            23.7983307
          ]
        ]
      },
      "id": "way/10303656"
    },
    {
      "type": "Feature",
      "properties": {
        "@id": "way/11075222",
        "highway": "tertiary",
        "name": "সড়ক ২৭",
        "name:bn": "সড়ক ২৭",
        "name:en": "Road 27",
        "name:ur": "روڈ 27"
      },
      "geometry": {
        "type": "LineString",
        "coordinates": [
          [
            90.4085753,
            23.7935169
          ],
          [
            90.4086075,
            23.7937006
          ],
          [
            90.408618,
            23.7940009
          ],
          [
            90.4086054,
            23.7941704
          ],
          [
            90.4085099,
            23.794533
          ],
          [
            90.4084633,
            23.7946701
          ],
          [
            90.4084005,
            23.7948452
          ],
          [
            90.4082329,
            23.7952775
          ],
          [
            90.4081944,
            23.7953718
          ],
          [
            90.4080487,
            23.7956889
          ],
          [
            90.4078948,
            23.7959775
          ],
          [
            90.4078044,
            23.7961305
          ],
          [
            90.4075234,
            23.7965954
          ],
          [
            90.4072214,
            23.7971326
          ],
          [
            90.4069959,
            23.7974416
          ],
          [
            90.4068187,
            23.7976677
          ],
          [
            90.4066927,
            23.7978065
          ],
          [
            90.4065786,
            23.7979328
          ],
          [
            90.4063412,
            23.7981271
          ],
          [
            90.4055891,
            23.7984731
          ],
          [
            90.4048741,
            23.7986849
          ],
          [
            90.4044481,
            23.7987945
          ],
          [
            90.4038058,
            23.7989012
          ],
          [
            90.4025953,
            23.799074
          ],
          [
            90.4020058,
            23.7991469
          ],
          [
            90.401837,
            23.7991678
          ]
        ]
      },
      "id": "way/11075222"
    },
    {
      "type": "Feature",
      "properties": {
        "@id": "way/15491625",
        "highway": "primary",
        "lanes": "3",
        "lit": "yes",
        "maxheight": "4.4",
        "maxspeed": "50",
        "name": "বেগম রোকেয়া সরণী",
        "name:bn": "বেগম রোকেয়া সরণী",
        "name:en": "Begum Rokeya Sharani",
        "oneway": "yes",
        "sidewalk": "both",
        "source": "mapbox",
        "surface": "asphalt"
      },
      "geometry": {
        "type": "LineString",
        "coordinates": [
          [
            90.3837178,
            23.7587369
          ],
          [
            90.3836848,
            23.7588952
          ],
          [
            90.3836743,
            23.7590756
          ],
          [
            90.3836663,
            23.7592125
          ],
          [
            90.3836054,
            23.7600399
          ],
          [
            90.383507,
            23.7612558
          ],
          [
            90.3834989,
            23.7614059
          ],
          [
            90.3834861,
            23.7616077
          ],
          [
            90.383235,
            23.7646404
          ],
          [
            90.3832198,
            23.764901
          ],
          [
            90.3832165,
            23.7650157
          ],
          [
            90.3832126,
            23.7650614
          ],
          [
            90.3832077,
            23.7651246
          ]
        ]
      },
      "id": "way/15491625"
    },
    {
      "type": "Feature",
      "properties": {
        "@id": "way/23243013",
        "highway": "primary",
        "lanes": "2",
        "maxspeed": "50",
        "name": "আঞ্জুমান মুফিদুল ইসলাম সড়ক",
        "name:bn": "আঞ্জুমান মুফিদুল ইসলাম সড়ক",
        "name:en": "Anjuman Mufidul Islam Road",
        "oneway": "yes",
        "source": "bing",
        "surface": "asphalt"
      },
      "geometry": {
        "type": "LineString",
        "coordinates": [
          [
            90.410294,
            23.7370925
          ],
          [
            90.4102452,
            23.7370988
          ],
          [
            90.4101845,
            23.7371067
          ],
          [
            90.4098469,
            23.7371603
          ],
          [
            90.4097071,
            23.7371966
          ],
          [
            90.4095727,
            23.7372355
          ],
          [
            90.4094769,
            23.7372767
          ],
          [
            90.4094142,
            23.7372998
          ],
          [
            90.4092604,
            23.7373401
          ],
          [
            90.4089642,
            23.7374007
          ],
          [
            90.4088557,
            23.7374098
          ],
          [
            90.4087809,
            23.7374026
          ],
          [
            90.4087007,
            23.7374052
          ],
          [
            90.4086172,
            23.7374134
          ],
          [
            90.4085744,
            23.7374194
          ],
          [
            90.4084371,
            23.7374388
          ],
          [
            90.4081804,
            23.7374741
          ],
          [
            90.4080038,
            23.7374938
          ],
          [
            90.4078326,
            23.7375062
          ],
          [
            90.4076311,
            23.7375118
          ],
          [
            90.407559,
            23.7375138
          ],
          [
            90.4072079,
            23.737506
          ],
          [
            90.4069385,
            23.7374958
          ]
        ]
      },
      "id": "way/23243013"
    },
    {
      "type": "Feature",
      "properties": {
        "@id": "way/23895118",
        "highway": "residential",
        "name": "আব্দুল আলিম নাকিব সড়ক",
        "name:bn": "আব্দুল আলিম নাকিব সড়ক",
        "name:en": "Abdul Alim Nakib Road",
        "surface": "asphalt"
      },
      "geometry": {
        "type": "LineString",
        "coordinates": [
          [
            90.4065452,
            23.7931185
          ],
          [
            90.407477,
            23.7929943
          ],
          [
            90.4075672,
            23.7929834
          ],
          [
            90.4083526,
            23.7928846
          ]
        ]
      },
      "id": "way/23895118"
    },
    {
      "type": "Feature",
      "properties": {
        "@id": "way/23895119",
        "highway": "tertiary",
        "lane_markings": "no",
        "name": "এনামুল হক চৌধুরী সড়ক",
        "name:en": "Enamul Haque Chowdhury Road, Road 10",
        "surface": "asphalt"
      },
      "geometry": {
        "type": "LineString",
        "coordinates": [
          [
            90.4061414,
            23.7906366
          ],
          [
            90.4061901,
            23.7909355
          ],
          [
            90.4062874,
            23.7915335
          ],
          [
            90.4063179,
            23.7917211
          ],
          [
            90.4063642,
            23.792006
          ],
          [
            90.4064673,
            23.7926399
          ],
          [
            90.406507,
            23.7928837
          ],
          [
            90.4065452,
            23.7931185
          ],
          [
            90.406586,
            23.7933693
          ],
          [
            90.4066298,
            23.7936384
          ]
        ]
      },
      "id": "way/23895119"
    },
    {
      "type": "Feature",
      "properties": {
        "@id": "way/23896023",
        "highway": "residential",
        "surface": "asphalt"
      },
      "geometry": {
        "type": "LineString",
        "coordinates": [
          [
            90.4108666,
            23.7915474
          ],
          [
            90.4107194,
            23.7918349
          ],
          [
            90.4106359,
            23.7921022
          ],
          [
            90.4105233,
            23.7924172
          ],
          [
            90.4104973,
            23.7924961
          ],
          [
            90.4104872,
            23.7925349
          ]
        ]
      },
      "id": "way/23896023"
    },
    {
      "type": "Feature",
      "properties": {
        "@id": "way/24258345",
        "alt_name": "হেয়ার সড়ক",
        "cycle_rickshaw": "no",
        "highway": "primary",
        "lanes": "2",
        "lit": "yes",
        "name": "হেয়ার রোড",
        "name:en": "Hare Road",
        "oneway": "yes",
        "sidewalk": "left",
        "surface": "asphalt"
      },
      "geometry": {
        "type": "LineString",
        "coordinates": [
          [
            90.3988016,
            23.7419837
          ],
          [
            90.3990942,
            23.741701
          ],
          [
            90.3995497,
            23.7412204
          ],
          [
            90.3998101,
            23.7409815
          ],
          [
            90.3999696,
            23.7408538
          ],
          [
            90.4001708,
            23.7407237
          ],
          [
            90.4004887,
            23.7405666
          ],
          [
            90.4008677,
            23.7404013
          ],
          [
            90.401237,
            23.7402461
          ],
          [
            90.4013162,
            23.7402072
          ],
          [
            90.4014516,
            23.7401406
          ],
          [
            90.4018418,
            23.7399306
          ],
          [
            90.4022348,
            23.7396974
          ],
          [
            90.4026425,
            23.7394335
          ],
          [
            90.4029228,
            23.7392186
          ],
          [
            90.4029308,
            23.7392123
          ],
          [
            90.4032772,
            23.738937
          ],
          [
            90.4034002,
            23.7388392
          ],
          [
            90.403614,
            23.7386037
          ],
          [
            90.4037997,
            23.738384
          ],
          [
            90.4039798,
            23.7381254
          ],
          [
            90.4040813,
            23.7379394
          ],
          [
            90.4041717,
            23.7377436
          ]
        ]
      },
      "id": "way/24258345"
    },
    {
      "type": "Feature",
      "properties": {
        "@id": "way/24271478",
        "cycle_rickshaw": "no",
        "highway": "primary_link",
        "lanes": "2",
        "lit": "yes",
        "oneway": "yes",
        "sidewalk": "left",
        "surface": "asphalt"
      },
      "geometry": {
        "type": "LineString",
        "coordinates": [
          [
            90.4049584,
            23.7374235
          ],
          [
            90.4045294,
            23.7373225
          ],
          [
            90.4044224,
            23.737284
          ],
          [
            90.4043111,
            23.7372337
          ],
          [
            90.4042426,
            23.7371869
          ],
          [
            90.4041184,
            23.7370812
          ]
        ]
      },
      "id": "way/24271478"
    },
    {
      "type": "Feature",
      "properties": {
        "@id": "way/24338290",
        "bridge": "yes",
        "highway": "secondary",
        "lanes": "2",
        "layer": "1",
        "name": "কামাল আতাতুর্ক এভিনিউ",
        "name:bn": "কামাল আতাতুর্ক এভিনিউ",
        "name:en": "Kamal Ataturk Avenue",
        "name:ur": "کمال اتاترک ایونیو",
        "oneway": "yes",
        "surface": "asphalt"
      },
      "geometry": {
        "type": "LineString",
        "coordinates": [
          [
            90.4095237,
            23.7935223
          ],
          [
            90.4098883,
            23.7935645
          ],
          [
            90.4101288,
            23.7936048
          ]
        ]
      },
      "id": "way/24338290"
    },
    {
      "type": "Feature",
      "properties": {
        "@id": "way/24338292",
        "highway": "secondary",
        "lanes": "2",
        "name": "কামাল আতাতুর্ক এভিনিউ",
        "name:bn": "কামাল আতাতুর্ক এভিনিউ",
        "name:en": "Kamal Ataturk Avenue",
        "name:ur": "کمال اتاترک ایونیو",
        "oneway": "yes",
        "surface": "asphalt"
      },
      "geometry": {
        "type": "LineString",
        "coordinates": [
          [
            90.4101288,
            23.7936048
          ],
          [
            90.4101569,
            23.793611
          ],
          [
            90.410318,
            23.7936398
          ],
          [
            90.4106327,
            23.7937286
          ],
          [
            90.4106459,
            23.7937319
          ],
          [
            90.4107034,
            23.7937465
          ],
          [
            90.411318,
            23.7939218
          ],
          [
            90.4119988,
            23.7941219
          ],
          [
            90.412265,
            23.7942042
          ],
          [
            90.4129873,
            23.794409
          ],
          [
            90.4134395,
            23.7945279
          ],
          [
            90.4135361,
            23.7945536
          ],
          [
            90.4136527,
            23.7945893
          ],
          [
            90.4137575,
            23.7946299
          ],
          [
            90.4138383,
            23.7946682
          ],
          [
            90.4139158,
            23.79471
          ],
          [
            90.4141413,
            23.7948434
          ],
          [
            90.414259,
            23.7949123
          ]
        ]
      },
      "id": "way/24338292"
    },
    {
      "type": "Feature",
      "properties": {
        "@id": "way/24338691",
        "highway": "residential",
        "lane_markings": "no",
        "name": "সড়ক ১৩ই",
        "name:en": "Road 13E",
        "surface": "asphalt"
      },
      "geometry": {
        "type": "LineString",
        "coordinates": [
          [
            90.4062874,
            23.7915335
          ],
          [
            90.4071631,
            23.7914134
          ],
          [
            90.4080889,
            23.7912906
          ],
          [
            90.4086664,
            23.7912175
          ],
          [
            90.4090074,
            23.7911742
          ],
          [
            90.4091293,
            23.7911588
          ],
          [
            90.4092453,
            23.7911439
          ]
        ]
      },
      "id": "way/24338691"
    },
    {
      "type": "Feature",
      "properties": {
        "@id": "way/24338693",
        "highway": "residential",
        "lane_markings": "no",
        "name": "সড়ক ১৭",
        "name:en": "Road 17",
        "name:ur": "روڈ 17",
        "surface": "asphalt"
      },
      "geometry": {
        "type": "LineString",
        "coordinates": [
          [
            90.4016554,
            23.7935643
          ],
          [
            90.4029708,
            23.7933798
          ],
          [
            90.4041478,
            23.7932147
          ],
          [
            90.4043848,
            23.7931815
          ],
          [
            90.4044775,
            23.7931685
          ],
          [
            90.4057859,
            23.7929849
          ],
          [
            90.406507,
            23.7928837
          ]
        ]
      },
      "id": "way/24338693"
    },
    {
      "type": "Feature",
      "properties": {
        "@id": "way/24449129",
        "highway": "secondary",
        "lanes": "2",
        "name": "কামাল আতাতুর্ক এভিনিউ",
        "name:bn": "কামাল আতাতুর্ক এভিনিউ",
        "name:en": "Kamal Ataturk Avenue",
        "name:ur": "کمال اتاترک ایونیو",
        "oneway": "yes",
        "surface": "asphalt"
      },
      "geometry": {
        "type": "LineString",
        "coordinates": [
          [
            90.4010694,
            23.7945245
          ],
          [
            90.401375,
            23.7944779
          ],
          [
            90.4017804,
            23.7944128
          ],
          [
            90.4025452,
            23.794302
          ],
          [
            90.4031331,
            23.7942148
          ],
          [
            90.4045258,
            23.7940356
          ],
          [
            90.4056637,
            23.7938842
          ],
          [
            90.4060589,
            23.7938304
          ],
          [
            90.4066389,
            23.7937491
          ],
          [
            90.4072658,
            23.7936692
          ],
          [
            90.4076666,
            23.7936113
          ],
          [
            90.4083965,
            23.793521
          ],
          [
            90.4085753,
            23.7935169
          ],
          [
            90.4086392,
            23.7935105
          ],
          [
            90.4090543,
            23.7935006
          ],
          [
            90.4094836,
            23.7935193
          ],
          [
            90.4095237,
            23.7935223
          ]
        ]
      },
      "id": "way/24449129"
    },
    {
      "type": "Feature",
      "properties": {
        "@id": "way/24785519",
        "highway": "tertiary"
      },
      "geometry": {
        "type": "LineString",
        "coordinates": [
          [
            90.406424,
            23.7360084
          ],
          [
            90.4070138,
            23.7360056
          ],
          [
            90.4072183,
            23.7360047
          ],
          [
            90.4075857,
            23.736003
          ],
          [
            90.4078323,
            23.7360018
          ],
          [
            90.4086115,
            23.7360148
          ],
          [
            90.4088118,
            23.7360192
          ],
          [
            90.40916,
            23.7360196
          ],
          [
            90.4093322,
            23.7360165
          ],
          [
            90.4098301,
            23.7360116
          ],
          [
            90.4102279,
            23.7359982
          ]
        ]
      },
      "id": "way/24785519"
    },
    {
      "type": "Feature",
      "properties": {
        "@id": "way/24821267",
        "highway": "residential",
        "lanes": "1",
        "name": "সড়ক ২৩",
        "name:en": "Road No. 23",
        "surface": "paved"
      },
      "geometry": {
        "type": "LineString",
        "coordinates": [
          [
            90.4066389,
            23.7937491
          ],
          [
            90.4066807,
            23.7942927
          ],
          [
            90.4066636,
            23.7945402
          ],
          [
            90.4066329,
            23.7946711
          ],
          [
            90.4064785,
            23.7951904
          ],
          [
            90.4063433,
            23.7953758
          ],
          [
            90.4062226,
            23.7955564
          ],
          [
            90.4060662,
            23.7957369
          ],
          [
            90.4058716,
            23.7958962
          ],
          [
            90.4055098,
            23.7961473
          ]
        ]
      },
      "id": "way/24821267"
    },
    {
      "type": "Feature",
      "properties": {
        "@id": "way/26642183",
        "cycle_rickshaw": "no",
        "highway": "trunk",
        "lanes": "2",
        "lit": "yes",
        "maxheight": "5.5",
        "name": "ইন্দিরা রোড",
        "name:bn": "ইন্দিরা রোড",
        "name:en": "Indira Road",
        "oneway": "yes",
        "sidewalk": "both",
        "surface": "asphalt"
      },
      "geometry": {
        "type": "LineString",
        "coordinates": [
          [
            90.389941,
            23.7584733
          ],
          [
            90.3888488,
            23.7583998
          ],
          [
            90.3872037,
            23.7582762
          ],
          [
            90.3866945,
            23.7582392
          ],
          [
            90.3864239,
            23.7582249
          ],
          [
            90.3862184,
            23.7582233
          ],
          [
            90.3860171,
            23.7581999
          ],
          [
            90.385413,
            23.7581305
          ],
          [
            90.3848919,
            23.7580856
          ],
          [
            90.3848357,
            23.7580913
          ],
          [
            90.3847218,
            23.7581043
          ],
          [
            90.3844887,
            23.7580985
          ],
          [
            90.3843045,
            23.7580996
          ],
          [
            90.3841721,
            23.7581108
          ],
          [
            90.3841222,
            23.7581189
          ],
          [
            90.3840077,
            23.7581448
          ],
          [
            90.3839104,
            23.7581743
          ],
          [
            90.3838293,
            23.7582039
          ],
          [
            90.3837559,
            23.7582399
          ],
          [
            90.3837136,
            23.7582641
          ]
        ]
      },
      "id": "way/26642183"
    },
    {
      "type": "Feature",
      "properties": {
        "@id": "way/32994906",
        "access": "yes",
        "bicycle": "no",
        "foot": "yes",
        "highway": "path",
        "lit": "automatic",
        "motor_vehicle": "no",
        "surface": "sett"
      },
      "geometry": {
        "type": "LineString",
        "coordinates": [
          [
            90.4002496,
            23.7385681
          ],
          [
            90.4002938,
            23.7385924
          ],
          [
            90.4004194,
            23.7385683
          ],
          [
            90.4004558,
            23.7385483
          ],
          [
            90.4005104,
            23.7385117
          ],
          [
            90.4005322,
            23.7384617
          ],
          [
            90.4007929,
            23.7375447
          ],
          [
            90.400886,
            23.7372174
          ],
          [
            90.4011435,
            23.7364081
          ],
          [
            90.4012257,
            23.7363759
          ],
          [
            90.4013838,
            23.7363139
          ],
          [
            90.4021134,
            23.7362039
          ],
          [
            90.402528,
            23.7359672
          ],
          [
            90.4030141,
            23.7355092
          ],
          [
            90.4029952,
            23.7353286
          ],
          [
            90.4029063,
            23.7351087
          ],
          [
            90.4029317,
            23.7349891
          ],
          [
            90.4029472,
            23.7349344
          ],
          [
            90.4029708,
            23.7348876
          ],
          [
            90.4034377,
            23.7340523
          ],
          [
            90.4034598,
            23.7340127
          ],
          [
            90.4026713,
            23.7340196
          ],
          [
            90.4020536,
            23.7341777
          ]
        ]
      },
      "id": "way/32994906"
    },
    {
      "type": "Feature",
      "properties": {
        "@id": "way/33783244",
        "highway": "residential",
        "lanes": "1",
        "lit": "yes",
        "name": "Gate No. 2 Road",
        "sidewalk": "no",
        "surface": "asphalt"
      },
      "geometry": {
        "type": "LineString",
        "coordinates": [
          [
            90.3837082,
            23.7599813
          ],
          [
            90.3854115,
            23.760057
          ],
          [
            90.3859742,
            23.760082
          ],
          [
            90.3860298,
            23.7600845
          ],
          [
            90.3863657,
            23.7600994
          ],
          [
            90.3894489,
            23.7602365
          ]
        ]
      },
      "id": "way/33783244"
    },
    {
      "type": "Feature",
      "properties": {
        "@id": "way/33792586",
        "highway": "tertiary",
        "name": "Segunbagicha Road"
      },
      "geometry": {
        "type": "LineString",
        "coordinates": [
          [
            90.4063784,
            23.7310648
          ],
          [
            90.4063772,
            23.7311336
          ],
          [
            90.4063755,
            23.7311982
          ],
          [
            90.4063635,
            23.7317511
          ],
          [
            90.4063427,
            23.731963
          ],
          [
            90.4064479,
            23.7334214
          ],
          [
            90.4064524,
            23.7335557
          ],
          [
            90.4064613,
            23.7336319
          ],
          [
            90.4064614,
            23.733671
          ],
          [
            90.4065564,
            23.7345837
          ],
          [
            90.4065182,
            23.7347227
          ],
          [
            90.4065034,
            23.734801
          ],
          [
            90.406496,
            23.7348954
          ],
          [
            90.406487,
            23.7349509
          ],
          [
            90.4064823,
            23.7349797
          ],
          [
            90.4064549,
            23.7352651
          ],
          [
            90.4064163,
            23.7356118
          ],
          [
            90.406424,
            23.7360084
          ]
        ]
      },
      "id": "way/33792586"
    },
    {
      "type": "Feature",
      "properties": {
        "@id": "way/33815620",
        "highway": "living_street",
        "layer": "1",
        "name": "Gate No. 3 Road"
      },
      "geometry": {
        "type": "LineString",
        "coordinates": [
          [
            90.3836289,
            23.7612156
          ],
          [
            90.3841226,
            23.7613264
          ],
          [
            90.3844217,
            23.7603291
          ]
        ]
      },
      "id": "way/33815620"
    },
    {
      "type": "Feature",
      "properties": {
        "@id": "way/35135774",
        "highway": "residential",
        "name": "সড়ক ১৭/এ",
        "name:bn": "সড়ক ১৭/এ",
        "name:en": "Road 17/A"
      },
      "geometry": {
        "type": "LineString",
        "coordinates": [
          [
            90.4082782,
            23.792435
          ],
          [
            90.4076793,
            23.7925098
          ],
          [
            90.4073961,
            23.7925466
          ],
          [
            90.4070611,
            23.7925818
          ],
          [
            90.4064673,
            23.7926399
          ]
        ]
      },
      "id": "way/35135774"
    },
    {
      "type": "Feature",
      "properties": {
        "@id": "way/35135775",
        "highway": "residential",
        "lane_markings": "no",
        "name": "সড়ক ১৩সি",
        "name:en": "Road 13C",
        "surface": "asphalt"
      },
      "geometry": {
        "type": "LineString",
        "coordinates": [
          [
            90.4063642,
            23.792006
          ],
          [
            90.4069547,
            23.7919472
          ],
          [
            90.407252,
            23.7919123
          ],
          [
            90.4075814,
            23.791872
          ],
          [
            90.4081745,
            23.7918085
          ]
        ]
      },
      "id": "way/35135775"
    },
    {
      "type": "Feature",
      "properties": {
        "@id": "way/35135776",
        "highway": "residential"
      },
      "geometry": {
        "type": "LineString",
        "coordinates": [
          [
            90.4069547,
            23.7919472
          ],
          [
            90.4070611,
            23.7925818
          ]
        ]
      },
      "id": "way/35135776"
    },
    {
      "type": "Feature",
      "properties": {
        "@id": "way/35323852",
        "highway": "trunk",
        "junction": "roundabout",
        "lanes": "2",
        "oneway": "yes",
        "surface": "asphalt"
      },
      "geometry": {
        "type": "LineString",
        "coordinates": [
          [
            90.3835266,
            23.7585563
          ],
          [
            90.3835487,
            23.7586114
          ],
          [
            90.3835846,
            23.7586602
          ],
          [
            90.3836321,
            23.7586998
          ],
          [
            90.383659,
            23.7587152
          ],
          [
            90.3836877,
            23.7587277
          ],
          [
            90.3837178,
            23.7587369
          ],
          [
            90.3837448,
            23.7587423
          ],
          [
            90.3837723,
            23.7587451
          ],
          [
            90.3838429,
            23.7587415
          ],
          [
            90.3838648,
            23.7587353
          ],
          [
            90.3839251,
            23.7587112
          ],
          [
            90.3839703,
            23.7586804
          ],
          [
            90.3840075,
            23.7586417
          ],
          [
            90.3840351,
            23.7585967
          ],
          [
            90.3840518,
            23.7585474
          ],
          [
            90.384057,
            23.758496
          ],
          [
            90.3840503,
            23.7584448
          ],
          [
            90.3840427,
            23.7584245
          ],
          [
            90.3840321,
            23.758396
          ],
          [
            90.3840032,
            23.7583517
          ],
          [
            90.3839648,
            23.7583139
          ],
          [
            90.3839187,
            23.7582843
          ],
          [
            90.3838668,
            23.7582641
          ],
          [
            90.3838114,
            23.7582543
          ],
          [
            90.3837551,
            23.7582552
          ],
          [
            90.3837136,
            23.7582641
          ],
          [
            90.3837002,
            23.7582669
          ],
          [
            90.3836626,
            23.758283
          ],
          [
            90.3836491,
            23.7582888
          ],
          [
            90.3836132,
            23.7583125
          ],
          [
            90.3835821,
            23.7583413
          ],
          [
            90.3835585,
            23.7583714
          ],
          [
            90.3835401,
            23.7584044
          ],
          [
            90.3835274,
            23.7584396
          ],
          [
            90.3835193,
            23.7584979
          ],
          [
            90.3835266,
            23.7585563
          ]
        ]
      },
      "id": "way/35323852"
    },
    {
      "type": "Feature",
      "properties": {
        "@id": "way/35475400",
        "highway": "residential",
        "name": "সড়ক ২৬",
        "name:bn": "সড়ক ২৬",
        "name:en": "Road 26",
        "name:ur": "روڈ 26"
      },
      "geometry": {
        "type": "LineString",
        "coordinates": [
          [
            90.4072658,
            23.7936692
          ],
          [
            90.4073632,
            23.7940085
          ],
          [
            90.4074262,
            23.7940821
          ],
          [
            90.4084633,
            23.7946701
          ]
        ]
      },
      "id": "way/35475400"
    },
    {
      "type": "Feature",
      "properties": {
        "@id": "way/35475401",
        "highway": "residential",
        "name": "সড়ক ২৮",
        "name:en": "Road 28"
      },
      "geometry": {
        "type": "LineString",
        "coordinates": [
          [
            90.408618,
            23.7940009
          ],
          [
            90.4086702,
            23.7940081
          ],
          [
            90.4091384,
            23.7940883
          ],
          [
            90.409405,
            23.7941273
          ]
        ]
      },
      "id": "way/35475401"
    },
    {
      "type": "Feature",
      "properties": {
        "@id": "way/35475402",
        "highway": "residential",
        "name": "সড়ক ২৮",
        "name:bn": "সড়ক ২৮",
        "name:en": "Road 28"
      },
      "geometry": {
        "type": "LineString",
        "coordinates": [
          [
            90.4082329,
            23.7952775
          ],
          [
            90.4086606,
            23.7954675
          ],
          [
            90.4091641,
            23.7957263
          ]
        ]
      },
      "id": "way/35475402"
    },
    {
      "type": "Feature",
      "properties": {
        "@id": "way/35475403",
        "highway": "residential",
        "name": "সড়ক ২৮",
        "name:bn": "সড়ক ২৮",
        "name:en": "Road 28"
      },
      "geometry": {
        "type": "LineString",
        "coordinates": [
          [
            90.4086606,
            23.7954675
          ],
          [
            90.4088466,
            23.7951183
          ],
          [
            90.4090477,
            23.7945373
          ],
          [
            90.4091384,
            23.7940883
          ]
        ]
      },
      "id": "way/35475403"
    },
    {
      "type": "Feature",
      "properties": {
        "@id": "way/35475419",
        "highway": "residential",
        "surface": "asphalt"
      },
      "geometry": {
        "type": "LineString",
        "coordinates": [
          [
            90.4075814,
            23.791872
          ],
          [
            90.4076119,
            23.7920737
          ],
          [
            90.4076318,
            23.7922053
          ],
          [
            90.4076793,
            23.7925098
          ]
        ]
      },
      "id": "way/35475419"
    },
    {
      "type": "Feature",
      "properties": {
        "@id": "way/92360798",
        "highway": "residential"
      },
      "geometry": {
        "type": "LineString",
        "coordinates": [
          [
            90.4075672,
            23.7929834
          ],
          [
            90.4075947,
            23.7932291
          ],
          [
            90.4076432,
            23.7935181
          ]
        ]
      },
      "id": "way/92360798"
    },
    {
      "type": "Feature",
      "properties": {
        "@id": "way/92360799",
        "highway": "residential",
        "lane_markings": "no",
        "name": "সড়ক ১৭",
        "name:bn": "সড়ক ১৭",
        "name:en": "Road 17",
        "source": "BING",
        "surface": "asphalt"
      },
      "geometry": {
        "type": "LineString",
        "coordinates": [
          [
            90.4083316,
            23.7927579
          ],
          [
            90.4094352,
            23.7926103
          ]
        ]
      },
      "id": "way/92360799"
    },
    {
      "type": "Feature",
      "properties": {
        "@id": "way/144567404",
        "highway": "secondary",
        "lanes": "2",
        "name": "কামাল আতাতুর্ক এভিনিউ",
        "name:bn": "কামাল আতাতুর্ক এভিনিউ",
        "name:en": "Kamal Ataturk Avenue",
        "name:ur": "کمال اتاترک ایونیو",
        "oneway": "yes",
        "surface": "asphalt"
      },
      "geometry": {
        "type": "LineString",
        "coordinates": [
          [
            90.4097727,
            23.7934589
          ],
          [
            90.4095413,
            23.7934241
          ],
          [
            90.4089699,
            23.7933907
          ],
          [
            90.408624,
            23.7934013
          ],
          [
            90.4085554,
            23.7934033
          ],
          [
            90.408439,
            23.7934069
          ],
          [
            90.4079023,
            23.793479
          ],
          [
            90.4076432,
            23.7935181
          ],
          [
            90.4072486,
            23.7935649
          ],
          [
            90.4066298,
            23.7936384
          ],
          [
            90.4059285,
            23.7937443
          ],
          [
            90.4045556,
            23.7939294
          ],
          [
            90.403104,
            23.7941163
          ],
          [
            90.4023254,
            23.7942331
          ],
          [
            90.4019666,
            23.794287
          ],
          [
            90.4017859,
            23.7943141
          ],
          [
            90.4010479,
            23.7944073
          ],
          [
            90.4009201,
            23.7944239
          ]
        ]
      },
      "id": "way/144567404"
    },
    {
      "type": "Feature",
      "properties": {
        "@id": "way/144567406",
        "bridge": "yes",
        "highway": "secondary",
        "lanes": "2",
        "layer": "1",
        "name": "কামাল আতাতুর্ক এভিনিউ",
        "name:bn": "কামাল আতাতুর্ক এভিনিউ",
        "name:en": "Kamal Ataturk Avenue",
        "name:ur": "کمال اتاترک ایونیو",
        "oneway": "yes",
        "surface": "asphalt"
      },
      "geometry": {
        "type": "LineString",
        "coordinates": [
          [
            90.4101486,
            23.7935295
          ],
          [
            90.4097727,
            23.7934589
          ]
        ]
      },
      "id": "way/144567406"
    },
    {
      "type": "Feature",
      "properties": {
        "@id": "way/144567412",
        "highway": "secondary",
        "lanes": "2",
        "name": "কামাল আতাতুর্ক এভিনিউ",
        "name:bn": "কামাল আতাতুর্ক এভিনিউ",
        "name:en": "Kamal Ataturk Avenue",
        "name:ur": "کمال اتاترک ایونیو",
        "oneway": "yes",
        "surface": "asphalt"
      },
      "geometry": {
        "type": "LineString",
        "coordinates": [
          [
            90.4142374,
            23.794745
          ],
          [
            90.4139519,
            23.7945883
          ],
          [
            90.4138938,
            23.7945621
          ],
          [
            90.4138293,
            23.7945378
          ],
          [
            90.4137124,
            23.7945027
          ],
          [
            90.4135759,
            23.7944655
          ],
          [
            90.4134778,
            23.7944415
          ],
          [
            90.4130312,
            23.7943205
          ],
          [
            90.4129814,
            23.7943109
          ],
          [
            90.4123343,
            23.7941414
          ],
          [
            90.412005,
            23.7940408
          ],
          [
            90.4107114,
            23.7936611
          ],
          [
            90.4106544,
            23.7936444
          ],
          [
            90.4103656,
            23.7935603
          ],
          [
            90.4101881,
            23.7935386
          ],
          [
            90.4101486,
            23.7935295
          ]
        ]
      },
      "id": "way/144567412"
    },
    {
      "type": "Feature",
      "properties": {
        "@id": "way/144567415",
        "highway": "tertiary",
        "lanes": "2",
        "name": "সড়ক ১২",
        "name:en": "Road 12",
        "name:ur": "روڈ 12",
        "surface": "asphalt"
      },
      "geometry": {
        "type": "LineString",
        "coordinates": [
          [
            90.408439,
            23.7934069
          ],
          [
            90.4083526,
            23.7928846
          ],
          [
            90.4083316,
            23.7927579
          ],
          [
            90.4082782,
            23.792435
          ],
          [
            90.4082504,
            23.7922671
          ],
          [
            90.4081745,
            23.7918085
          ],
          [
            90.4081634,
            23.7917409
          ],
          [
            90.4080889,
            23.7912906
          ],
          [
            90.4079935,
            23.7907141
          ],
          [
            90.4079391,
            23.7903853
          ]
        ]
      },
      "id": "way/144567415"
    },
    {
      "type": "Feature",
      "properties": {
        "@id": "way/144567416",
        "highway": "residential",
        "name": "সড়ক ১৯এ",
        "name:en": "Road 19A",
        "surface": "asphalt"
      },
      "geometry": {
        "type": "LineString",
        "coordinates": [
          [
            90.4095413,
            23.7934241
          ],
          [
            90.4094352,
            23.7926103
          ],
          [
            90.409367,
            23.7921165
          ],
          [
            90.4093009,
            23.7916042
          ],
          [
            90.4092453,
            23.7911439
          ],
          [
            90.4091718,
            23.7905772
          ],
          [
            90.4091261,
            23.7902194
          ]
        ]
      },
      "id": "way/144567416"
    },
    {
      "type": "Feature",
      "properties": {
        "@id": "way/167533249",
        "access": "yes",
        "agricultural": "yes",
        "bicycle": "yes",
        "cycleway:left": "lane",
        "emergency": "yes",
        "foot": "yes",
        "goods": "yes",
        "hgv": "yes",
        "highway": "trunk",
        "horse": "yes",
        "hov": "yes",
        "lanes": "7",
        "lit": "yes",
        "motorcar": "yes",
        "motorcycle": "yes",
        "name": "মানিক মিয়া এভিনিউ",
        "name:bn": "মানিক মিয়া এভিনিউ",
        "name:en": "Manik Mia Avenue",
        "oneway": "yes",
        "psv": "yes",
        "sidewalk": "right",
        "surface": "asphalt",
        "tourist_bus": "yes",
        "vehicle": "yes"
      },
      "geometry": {
        "type": "LineString",
        "coordinates": [
          [
            90.3749959,
            23.7583969
          ],
          [
            90.3776506,
            23.7585022
          ],
          [
            90.3777864,
            23.7585076
          ],
          [
            90.3779957,
            23.7585209
          ],
          [
            90.3797638,
            23.7586213
          ],
          [
            90.3798064,
            23.7586223
          ],
          [
            90.379942,
            23.7586295
          ],
          [
            90.3823376,
            23.7587278
          ]
        ]
      },
      "id": "way/167533249"
    },
    {
      "type": "Feature",
      "properties": {
        "@id": "way/188458229",
        "highway": "residential",
        "name": "রাজা বাজার- ইন্দিরা রোড",
        "name:bn": "রাজা বাজার- ইন্দিরা রোড",
        "name:en": "Raja Bazar- Indira Road"
      },
      "geometry": {
        "type": "LineString",
        "coordinates": [
          [
            90.3825195,
            23.7530335
          ],
          [
            90.3824271,
            23.7537802
          ],
          [
            90.3820443,
            23.753765
          ],
          [
            90.3816607,
            23.7537468
          ],
          [
            90.3813978,
            23.7537343
          ],
          [
            90.3815373,
            23.7548776
          ],
          [
            90.3816349,
            23.7553655
          ],
          [
            90.3817635,
            23.7559186
          ],
          [
            90.3818995,
            23.756482
          ],
          [
            90.3819147,
            23.7569438
          ],
          [
            90.3818966,
            23.757286
          ],
          [
            90.3818159,
            23.757788
          ],
          [
            90.3827101,
            23.7578699
          ],
          [
            90.3834335,
            23.7579446
          ],
          [
            90.3835296,
            23.7579471
          ],
          [
            90.3844773,
            23.75797
          ]
        ]
      },
      "id": "way/188458229"
    },
    {
      "type": "Feature",
      "properties": {
        "@id": "way/216496797",
        "highway": "residential",
        "name": "Road 47",
        "name:ur": "روڈ 47",
        "surface": "asphalt"
      },
      "geometry": {
        "type": "LineString",
        "coordinates": [
          [
            90.4104872,
            23.7925349
          ],
          [
            90.4107766,
            23.7925555
          ],
          [
            90.4120386,
            23.7926455
          ],
          [
            90.41211,
            23.7926506
          ],
          [
            90.4132057,
            23.7927282
          ]
        ]
      },
      "id": "way/216496797"
    },
    {
      "type": "Feature",
      "properties": {
        "@id": "way/223074346",
        "cycle_rickshaw": "no",
        "highway": "primary",
        "lanes": "2",
        "lit": "yes",
        "oneway": "yes",
        "sidewalk": "left",
        "surface": "asphalt"
      },
      "geometry": {
        "type": "LineString",
        "coordinates": [
          [
            90.4040932,
            23.7376279
          ],
          [
            90.4040533,
            23.7377114
          ],
          [
            90.4039876,
            23.7378783
          ],
          [
            90.403946,
            23.7379885
          ],
          [
            90.4038701,
            23.7381275
          ],
          [
            90.4038052,
            23.7382243
          ],
          [
            90.4036443,
            23.7384318
          ],
          [
            90.4034699,
            23.7386245
          ],
          [
            90.403309,
            23.7387742
          ],
          [
            90.4029469,
            23.7390541
          ],
          [
            90.4028447,
            23.7391335
          ],
          [
            90.4025541,
            23.7393594
          ],
          [
            90.402216,
            23.7395747
          ],
          [
            90.4020578,
            23.7396716
          ],
          [
            90.4018244,
            23.7398104
          ],
          [
            90.4016367,
            23.7399147
          ],
          [
            90.4013805,
            23.7400497
          ],
          [
            90.4011606,
            23.7401566
          ],
          [
            90.4009326,
            23.7402658
          ],
          [
            90.4007318,
            23.7403498
          ],
          [
            90.4006055,
            23.7403941
          ],
          [
            90.4002674,
            23.7405359
          ],
          [
            90.4001427,
            23.7405997
          ],
          [
            90.4000501,
            23.740655
          ],
          [
            90.399857,
            23.7407765
          ],
          [
            90.3997417,
            23.7408624
          ],
          [
            90.3994748,
            23.7411215
          ],
          [
            90.3991351,
            23.7414514
          ],
          [
            90.3989668,
            23.7416179
          ],
          [
            90.398896,
            23.7416911
          ],
          [
            90.3988248,
            23.741749
          ],
          [
            90.398642,
            23.7418744
          ]
        ]
      },
      "id": "way/223074346"
    },
    {
      "type": "Feature",
      "properties": {
        "@id": "way/223074811",
        "cycle_rickshaw": "no",
        "highway": "primary",
        "junction": "roundabout",
        "maxspeed": "50",
        "oneway": "yes",
        "surface": "asphalt"
      },
      "geometry": {
        "type": "LineString",
        "coordinates": [
          [
            90.4051145,
            23.737668
          ],
          [
            90.4051421,
            23.7376932
          ],
          [
            90.4051758,
            23.7377112
          ],
          [
            90.4052188,
            23.7377214
          ],
          [
            90.4052632,
            23.7377198
          ],
          [
            90.4053052,
            23.7377065
          ],
          [
            90.4053412,
            23.7376827
          ],
          [
            90.4053682,
            23.7376503
          ],
          [
            90.4053816,
            23.7376205
          ],
          [
            90.4053873,
            23.7375805
          ],
          [
            90.4053802,
            23.7375408
          ],
          [
            90.405361,
            23.7375046
          ],
          [
            90.4053313,
            23.7374749
          ],
          [
            90.4052899,
            23.7374528
          ],
          [
            90.405243,
            23.7374436
          ],
          [
            90.4051953,
            23.7374483
          ],
          [
            90.4051516,
            23.7374662
          ],
          [
            90.4051162,
            23.7374957
          ],
          [
            90.4050916,
            23.7375361
          ],
          [
            90.4050828,
            23.7375816
          ],
          [
            90.4050907,
            23.7376272
          ],
          [
            90.4051145,
            23.737668
          ]
        ]
      },
      "id": "way/223074811"
    },
    {
      "type": "Feature",
      "properties": {
        "@id": "way/223074814",
        "cycle_rickshaw": "no",
        "highway": "primary_link",
        "lane_markings": "no",
        "oneway": "yes",
        "surface": "asphalt"
      },
      "geometry": {
        "type": "LineString",
        "coordinates": [
          [
            90.4041717,
            23.7377436
          ],
          [
            90.40422,
            23.7376986
          ],
          [
            90.4042684,
            23.7376634
          ],
          [
            90.4043209,
            23.7376376
          ],
          [
            90.4043814,
            23.7376192
          ],
          [
            90.4044985,
            23.7375996
          ],
          [
            90.4046258,
            23.7376049
          ],
          [
            90.4047476,
            23.7376177
          ],
          [
            90.4048905,
            23.7376307
          ],
          [
            90.4050191,
            23.7376299
          ]
        ]
      },
      "id": "way/223074814"
    },
    {
      "type": "Feature",
      "properties": {
        "@id": "way/223074815",
        "cycle_rickshaw": "no",
        "highway": "primary",
        "lanes": "2",
        "lit": "yes",
        "name": "কাকরাইল রোড",
        "oneway": "yes",
        "sidewalk": "left",
        "surface": "asphalt"
      },
      "geometry": {
        "type": "LineString",
        "coordinates": [
          [
            90.4051162,
            23.7374957
          ],
          [
            90.4050551,
            23.7374921
          ],
          [
            90.4049834,
            23.7374877
          ],
          [
            90.4048588,
            23.7374589
          ],
          [
            90.4044311,
            23.7373605
          ],
          [
            90.4043437,
            23.7373346
          ],
          [
            90.4042335,
            23.7372881
          ]
        ]
      },
      "id": "way/223074815"
    },
    {
      "type": "Feature",
      "properties": {
        "@id": "way/223074863",
        "alt_name": "কাকরাইল সড়ক",
        "highway": "primary",
        "lanes": "3",
        "lit": "yes",
        "maxspeed": "60",
        "name": "কাকরাইল রোড",
        "name:bn": "কাকরাইল রোড",
        "name:en": "Kakrail Road",
        "oneway": "yes",
        "sidewalk": "left",
        "surface": "asphalt"
      },
      "geometry": {
        "type": "LineString",
        "coordinates": [
          [
            90.4036799,
            23.733742
          ],
          [
            90.4036886,
            23.7338359
          ],
          [
            90.4036963,
            23.7339205
          ],
          [
            90.4037057,
            23.7340471
          ],
          [
            90.4037588,
            23.7349366
          ],
          [
            90.403769,
            23.7351773
          ],
          [
            90.4037871,
            23.7361638
          ],
          [
            90.4037989,
            23.7363347
          ]
        ]
      },
      "id": "way/223074863"
    },
    {
      "type": "Feature",
      "properties": {
        "@id": "way/223074871",
        "cycle_rickshaw": "no",
        "highway": "primary_link",
        "lanes": "2",
        "lit": "yes",
        "oneway": "yes",
        "sidewalk": "left",
        "surface": "asphalt"
      },
      "geometry": {
        "type": "LineString",
        "coordinates": [
          [
            90.404004,
            23.7370018
          ],
          [
            90.4040941,
            23.7373505
          ],
          [
            90.4041073,
            23.7374127
          ],
          [
            90.404109,
            23.7374855
          ],
          [
            90.4041046,
            23.7375599
          ],
          [
            90.4040932,
            23.7376279
          ]
        ]
      },
      "id": "way/223074871"
    },
    {
      "type": "Feature",
      "properties": {
        "@id": "way/223075197",
        "cycle_rickshaw": "no",
        "highway": "primary",
        "lit": "yes",
        "oneway": "yes",
        "surface": "asphalt"
      },
      "geometry": {
        "type": "LineString",
        "coordinates": [
          [
            90.4041717,
            23.7377436
          ],
          [
            90.404227,
            23.7376202
          ],
          [
            90.4042588,
            23.7375333
          ],
          [
            90.4043067,
            23.737426
          ],
          [
            90.4043437,
            23.7373346
          ]
        ]
      },
      "id": "way/223075197"
    },
    {
      "type": "Feature",
      "properties": {
        "@id": "way/223076408",
        "highway": "primary",
        "lanes": "2",
        "maxspeed": "40",
        "name": "শহিদ ক্যাপ্টেন মুনসুর আলী সড়ক",
        "name:bn": "শহিদ ক্যাপ্টেন মুনসুর আলী সড়ক",
        "name:en": "Sahid Capten Munsur Ali Avenue",
        "oneway": "yes",
        "source": "local knowledge",
        "surface": "asphalt"
      },
      "geometry": {
        "type": "LineString",
        "coordinates": [
          [
            90.4051758,
            23.7377112
          ],
          [
            90.4052289,
            23.7377927
          ],
          [
            90.4052917,
            23.7379286
          ],
          [
            90.4053199,
            23.7380209
          ],
          [
            90.4053307,
            23.7381095
          ],
          [
            90.4053415,
            23.7382626
          ],
          [
            90.405361,
            23.7384568
          ],
          [
            90.405377,
            23.7386653
          ],
          [
            90.4054027,
            23.7388822
          ],
          [
            90.4054315,
            23.7390405
          ],
          [
            90.4054683,
            23.7392273
          ],
          [
            90.4055006,
            23.7393716
          ],
          [
            90.4055357,
            23.7395232
          ],
          [
            90.4056079,
            23.7398023
          ],
          [
            90.4056409,
            23.7399461
          ],
          [
            90.40564,
            23.7400343
          ],
          [
            90.4056389,
            23.7403152
          ],
          [
            90.4056157,
            23.7409233
          ],
          [
            90.4056242,
            23.7411111
          ],
          [
            90.4056408,
            23.7413088
          ],
          [
            90.4056696,
            23.741541
          ],
          [
            90.4056945,
            23.7417762
          ],
          [
            90.4057365,
            23.7419891
          ],
          [
            90.4057678,
            23.7422576
          ],
          [
            90.4057576,
            23.7426013
          ],
          [
            90.4057467,
            23.742697
          ],
          [
            90.4057271,
            23.7429142
          ],
          [
            90.4056862,
            23.7431601
          ],
          [
            90.4056206,
            23.7433985
          ],
          [
            90.405533,
            23.7436418
          ],
          [
            90.4054597,
            23.7438144
          ],
          [
            90.4054157,
            23.7438912
          ],
          [
            90.405353,
            23.7439766
          ],
          [
            90.4052728,
            23.7440508
          ],
          [
            90.4051067,
            23.7441642
          ],
          [
            90.4048398,
            23.7443666
          ],
          [
            90.4045957,
            23.7445786
          ],
          [
            90.4044789,
            23.7446891
          ],
          [
            90.404363,
            23.7448196
          ],
          [
            90.4042524,
            23.7449623
          ],
          [
            90.4041882,
            23.7450599
          ],
          [
            90.4041428,
            23.7451525
          ],
          [
            90.4041179,
            23.7452343
          ],
          [
            90.4040929,
            23.7453577
          ],
          [
            90.4040507,
            23.7457546
          ],
          [
            90.4039824,
            23.7463264
          ],
          [
            90.4039756,
            23.7466727
          ]
        ]
      },
      "id": "way/223076408"
    },
    {
      "type": "Feature",
      "properties": {
        "@id": "way/237301951",
        "highway": "residential",
        "oneway": "no"
      },
      "geometry": {
        "type": "LineString",
        "coordinates": [
          [
            90.4085489,
            23.7903001
          ],
          [
            90.4086664,
            23.7912175
          ]
        ]
      },
      "id": "way/237301951"
    },
    {
      "type": "Feature",
      "properties": {
        "@id": "way/263802751",
        "highway": "residential",
        "name": "রাজা বাজার- ইন্দিরা রোড",
        "name:bn": "রাজা বাজার- ইন্দিরা রোড",
        "name:en": "Raja Bazar- Indira Road",
        "source": "mapbox"
      },
      "geometry": {
        "type": "LineString",
        "coordinates": [
          [
            90.3844668,
            23.7527486
          ],
          [
            90.3845256,
            23.7530023
          ],
          [
            90.3845589,
            23.7531683
          ],
          [
            90.384587,
            23.7533277
          ],
          [
            90.3845994,
            23.7534983
          ],
          [
            90.3845854,
            23.7537985
          ],
          [
            90.3845195,
            23.754127
          ],
          [
            90.3844799,
            23.7544281
          ],
          [
            90.3844698,
            23.754661
          ],
          [
            90.3844786,
            23.7548123
          ],
          [
            90.3844999,
            23.7551286
          ],
          [
            90.3845241,
            23.7552339
          ],
          [
            90.3845998,
            23.7553514
          ],
          [
            90.3846462,
            23.7554923
          ],
          [
            90.3846033,
            23.7558174
          ],
          [
            90.3845627,
            23.7560868
          ],
          [
            90.3845311,
            23.75627
          ],
          [
            90.3844449,
            23.7569626
          ],
          [
            90.384472,
            23.7570348
          ],
          [
            90.3844788,
            23.7572965
          ],
          [
            90.3844773,
            23.75797
          ],
          [
            90.3844887,
            23.7580985
          ]
        ]
      },
      "id": "way/263802751"
    },
    {
      "type": "Feature",
      "properties": {
        "@id": "way/270286106",
        "highway": "living_street"
      },
      "geometry": {
        "type": "LineString",
        "coordinates": [
          [
            90.4054702,
            23.7382709
          ],
          [
            90.40694,
            23.7382648
          ],
          [
            90.4072945,
            23.7382605
          ],
          [
            90.4073612,
            23.7386963
          ],
          [
            90.4075006,
            23.7389035
          ],
          [
            90.408019,
            23.7388681
          ]
        ]
      },
      "id": "way/270286106"
    },
    {
      "type": "Feature",
      "properties": {
        "@id": "way/296558616",
        "highway": "residential",
        "lanes": "2",
        "lanes:backward": "1",
        "lit": "yes",
        "name": "ইন্দিরা রোড",
        "name:bn": "ইন্দিরা রোড",
        "name:en": "Indira Road",
        "oneway": "no",
        "sidewalk": "left",
        "surface": "asphalt"
      },
      "geometry": {
        "type": "LineString",
        "coordinates": [
          [
            90.3869316,
            23.7581352
          ],
          [
            90.3867603,
            23.7581236
          ],
          [
            90.3861821,
            23.7580845
          ],
          [
            90.3860304,
            23.7580742
          ],
          [
            90.3857443,
            23.7580549
          ],
          [
            90.3851941,
            23.7580141
          ],
          [
            90.3849008,
            23.7579884
          ],
          [
            90.3844773,
            23.75797
          ]
        ]
      },
      "id": "way/296558616"
    },
    {
      "type": "Feature",
      "properties": {
        "@id": "way/297125643",
        "highway": "residential",
        "lit": "no",
        "maxspeed:type": "BD:urban",
        "name": "ইন্দিরা রোড",
        "name:bn": "ইন্দিরা রোড",
        "name:en": "Indira Road",
        "surface": "asphalt"
      },
      "geometry": {
        "type": "LineString",
        "coordinates": [
          [
            90.3834335,
            23.7579446
          ],
          [
            90.3834498,
            23.7572386
          ],
          [
            90.3835242,
            23.7568735
          ],
          [
            90.3837253,
            23.7559555
          ]
        ]
      },
      "id": "way/297125643"
    },
    {
      "type": "Feature",
      "properties": {
        "@id": "way/297596636",
        "highway": "path",
        "lit": "automatic",
        "surface": "sett"
      },
      "geometry": {
        "type": "LineString",
        "coordinates": [
          [
            90.4024562,
            23.7362796
          ],
          [
            90.4029678,
            23.7362924
          ],
          [
            90.4030765,
            23.7362951
          ],
          [
            90.4032432,
            23.7362992
          ],
          [
            90.4035677,
            23.7362911
          ],
          [
            90.4036975,
            23.7362802
          ]
        ]
      },
      "id": "way/297596636"
    },
    {
      "type": "Feature",
      "properties": {
        "@id": "way/297596656",
        "highway": "path",
        "lit": "automatic",
        "surface": "sett"
      },
      "geometry": {
        "type": "LineString",
        "coordinates": [
          [
            90.4030141,
            23.7355092
          ],
          [
            90.4030437,
            23.735954
          ],
          [
            90.4024562,
            23.7362796
          ]
        ]
      },
      "id": "way/297596656"
    },
    {
      "type": "Feature",
      "properties": {
        "@id": "way/297597262",
        "highway": "path",
        "surface": "asphalt"
      },
      "geometry": {
        "type": "LineString",
        "coordinates": [
          [
            90.4024562,
            23.7362796
          ],
          [
            90.4018151,
            23.7363765
          ],
          [
            90.4017068,
            23.7364062
          ],
          [
            90.4016162,
            23.7364547
          ],
          [
            90.4015732,
            23.7364884
          ],
          [
            90.401539,
            23.7365302
          ],
          [
            90.4014926,
            23.7366191
          ],
          [
            90.4014687,
            23.7366902
          ],
          [
            90.4014565,
            23.736764
          ],
          [
            90.4014459,
            23.7368446
          ],
          [
            90.401444,
            23.7369305
          ],
          [
            90.4015191,
            23.7372258
          ],
          [
            90.4017006,
            23.7377175
          ],
          [
            90.40174,
            23.7378243
          ],
          [
            90.4018416,
            23.7379173
          ],
          [
            90.4017577,
            23.7386777
          ],
          [
            90.4016439,
            23.7389528
          ]
        ]
      },
      "id": "way/297597262"
    },
    {
      "type": "Feature",
      "properties": {
        "@id": "way/297597297",
        "highway": "path",
        "lit": "automatic",
        "surface": "sett"
      },
      "geometry": {
        "type": "LineString",
        "coordinates": [
          [
            90.4024562,
            23.7362796
          ],
          [
            90.4027359,
            23.736677
          ],
          [
            90.4030343,
            23.7371573
          ],
          [
            90.4030392,
            23.7374647
          ],
          [
            90.4030277,
            23.737764
          ],
          [
            90.4030197,
            23.7379726
          ],
          [
            90.4028007,
            23.7387657
          ]
        ]
      },
      "id": "way/297597297"
    },
    {
      "type": "Feature",
      "properties": {
        "@id": "way/297597554",
        "highway": "path",
        "surface": "sett"
      },
      "geometry": {
        "type": "LineString",
        "coordinates": [
          [
            90.4030277,
            23.737764
          ],
          [
            90.4037659,
            23.7376379
          ],
          [
            90.4037254,
            23.7377703
          ],
          [
            90.4034492,
            23.7381187
          ],
          [
            90.4028007,
            23.7387657
          ],
          [
            90.4019641,
            23.7393712
          ],
          [
            90.4019388,
            23.7393895
          ],
          [
            90.4008436,
            23.7400488
          ],
          [
            90.4002687,
            23.7402225
          ],
          [
            90.399698,
            23.7404768
          ],
          [
            90.3995677,
            23.7405213
          ],
          [
            90.3994487,
            23.7406065
          ],
          [
            90.3991147,
            23.7410249
          ],
          [
            90.3985804,
            23.7417354
          ]
        ]
      },
      "id": "way/297597554"
    },
    {
      "type": "Feature",
      "properties": {
        "@id": "way/297597555",
        "highway": "path",
        "lit": "automatic",
        "surface": "sett"
      },
      "geometry": {
        "type": "LineString",
        "coordinates": [
          [
            90.4032432,
            23.7362992
          ],
          [
            90.4027359,
            23.736677
          ],
          [
            90.4017006,
            23.7377175
          ],
          [
            90.4010143,
            23.7384145
          ],
          [
            90.400715,
            23.73909
          ],
          [
            90.399976,
            23.7401191
          ],
          [
            90.399698,
            23.7404768
          ]
        ]
      },
      "id": "way/297597555"
    },
    {
      "type": "Feature",
      "properties": {
        "@id": "way/297599512",
        "highway": "path",
        "lit": "automatic",
        "surface": "sett"
      },
      "geometry": {
        "type": "LineString",
        "coordinates": [
          [
            90.4029952,
            23.7353286
          ],
          [
            90.403557,
            23.7352627
          ],
          [
            90.4035677,
            23.7362911
          ]
        ]
      },
      "id": "way/297599512"
    },
    {
      "type": "Feature",
      "properties": {
        "@id": "way/297599735",
        "highway": "path",
        "surface": "asphalt"
      },
      "geometry": {
        "type": "LineString",
        "coordinates": [
          [
            90.4034598,
            23.7340127
          ],
          [
            90.4035528,
            23.7341427
          ],
          [
            90.403557,
            23.7352627
          ]
        ]
      },
      "id": "way/297599735"
    },
    {
      "type": "Feature",
      "properties": {
        "@id": "way/300655365",
        "highway": "primary",
        "lanes": "2",
        "maxspeed": "50",
        "name": "আঞ্জুমান মুফিদুল ইসলাম সড়ক",
        "name:bn": "আঞ্জুমান মুফিদুল ইসলাম সড়ক",
        "name:en": "Anjuman Mufidul Islam Road",
        "oneway": "yes",
        "source": "bing",
        "surface": "asphalt"
      },
      "geometry": {
        "type": "LineString",
        "coordinates": [
          [
            90.4053816,
            23.7376205
          ],
          [
            90.405573,
            23.7376098
          ],
          [
            90.4059728,
            23.7375979
          ],
          [
            90.4063684,
            23.7375942
          ],
          [
            90.4069475,
            23.737621
          ],
          [
            90.4071026,
            23.737626
          ],
          [
            90.407342,
            23.7376336
          ],
          [
            90.4075593,
            23.7376311
          ],
          [
            90.4078004,
            23.7376203
          ],
          [
            90.4079814,
            23.7376055
          ],
          [
            90.4082544,
            23.7375787
          ],
          [
            90.4086349,
            23.7375338
          ],
          [
            90.4087472,
            23.7375233
          ],
          [
            90.4088137,
            23.7375269
          ],
          [
            90.4088722,
            23.7375355
          ],
          [
            90.4089194,
            23.7375355
          ],
          [
            90.408994,
            23.7375245
          ],
          [
            90.4092481,
            23.7374724
          ],
          [
            90.4095407,
            23.7373987
          ],
          [
            90.4096631,
            23.7373556
          ],
          [
            90.4097431,
            23.7373328
          ],
          [
            90.4098151,
            23.7373174
          ],
          [
            90.4099584,
            23.7372925
          ],
          [
            90.4101737,
            23.737257
          ],
          [
            90.410211,
            23.7372529
          ],
          [
            90.4102743,
            23.7372433
          ],
          [
            90.4103838,
            23.7372291
          ]
        ]
      },
      "id": "way/300655365"
    },
    {
      "type": "Feature",
      "properties": {
        "@id": "way/327377093",
        "addr:city": "ঢাকা",
        "addr:postcode": "১২১৭",
        "highway": "primary",
        "lit": "yes",
        "maxspeed": "40",
        "name": "শহিদ ক্যাপ্টেন মুনসুর আলী সড়ক",
        "name:bn": "শহিদ ক্যাপ্টেন মুনসুর আলী সড়ক",
        "name:en": "Sahid Capten Munsur Ali Avenue",
        "oneway": "yes",
        "source": "local knowledge",
        "surface": "asphalt"
      },
      "geometry": {
        "type": "LineString",
        "coordinates": [
          [
            90.4040905,
            23.7466618
          ],
          [
            90.4041044,
            23.7464659
          ],
          [
            90.4041207,
            23.7461738
          ],
          [
            90.4041631,
            23.745793
          ],
          [
            90.4041928,
            23.7455882
          ],
          [
            90.4041988,
            23.7455299
          ],
          [
            90.4042323,
            23.7453604
          ],
          [
            90.4042571,
            23.7452354
          ],
          [
            90.404302,
            23.7451131
          ],
          [
            90.404345,
            23.7450419
          ],
          [
            90.404432,
            23.7449062
          ],
          [
            90.4045348,
            23.7447849
          ],
          [
            90.4046436,
            23.7446727
          ],
          [
            90.4047266,
            23.744604
          ],
          [
            90.4049055,
            23.7444476
          ],
          [
            90.4050592,
            23.74433
          ],
          [
            90.4051881,
            23.7442331
          ],
          [
            90.4053474,
            23.7441135
          ],
          [
            90.4054116,
            23.7440467
          ],
          [
            90.4054598,
            23.7439849
          ],
          [
            90.4055386,
            23.743851
          ],
          [
            90.4056144,
            23.7436835
          ],
          [
            90.4056817,
            23.7435073
          ],
          [
            90.4057122,
            23.7434188
          ],
          [
            90.4057919,
            23.7431646
          ],
          [
            90.4058295,
            23.7430189
          ],
          [
            90.4058642,
            23.7427956
          ],
          [
            90.4058848,
            23.742576
          ],
          [
            90.4058938,
            23.7423536
          ],
          [
            90.4058632,
            23.7419935
          ],
          [
            90.4058318,
            23.7417601
          ],
          [
            90.4057922,
            23.7414069
          ],
          [
            90.4057698,
            23.7411664
          ],
          [
            90.4057523,
            23.7409344
          ],
          [
            90.4057576,
            23.7408116
          ],
          [
            90.4057641,
            23.7404944
          ],
          [
            90.4057586,
            23.7402007
          ],
          [
            90.4057634,
            23.7400692
          ],
          [
            90.4057498,
            23.7399071
          ],
          [
            90.4056292,
            23.7393795
          ],
          [
            90.405563,
            23.7390563
          ],
          [
            90.4055111,
            23.7387757
          ],
          [
            90.4054702,
            23.7382709
          ],
          [
            90.40543,
            23.7380131
          ],
          [
            90.4053878,
            23.7378046
          ],
          [
            90.4053682,
            23.7376503
          ]
        ]
      },
      "id": "way/327377093"
    },
    {
      "type": "Feature",
      "properties": {
        "@id": "way/343016048",
        "cycle_rickshaw": "no",
        "highway": "trunk",
        "lanes": "2",
        "lit": "yes",
        "maxheight": "5",
        "name": "খামার বাড়ি সড়ক",
        "name:bn": "খামার বাড়ি সড়ক",
        "name:en": "Khamar Bari Road",
        "oneway": "yes",
        "sidewalk": "both",
        "source": "mapbox",
        "surface": "asphalt"
      },
      "geometry": {
        "type": "LineString",
        "coordinates": [
          [
            90.3839251,
            23.7587112
          ],
          [
            90.3840192,
            23.7587685
          ],
          [
            90.3841029,
            23.7588303
          ],
          [
            90.3841391,
            23.7588761
          ],
          [
            90.3841839,
            23.7588751
          ],
          [
            90.3849997,
            23.7589151
          ],
          [
            90.3852528,
            23.7589288
          ],
          [
            90.3855617,
            23.7589457
          ],
          [
            90.3861374,
            23.758977
          ],
          [
            90.3861627,
            23.7589784
          ],
          [
            90.386309,
            23.7589858
          ],
          [
            90.389444,
            23.7590805
          ],
          [
            90.3896073,
            23.7590829
          ],
          [
            90.3897559,
            23.7590805
          ]
        ]
      },
      "id": "way/343016048"
    },
    {
      "type": "Feature",
      "properties": {
        "@id": "way/376288266",
        "highway": "residential",
        "name": "Pioneer Road"
      },
      "geometry": {
        "type": "LineString",
        "coordinates": [
          [
            90.4070138,
            23.7360056
          ],
          [
            90.4070198,
            23.7361215
          ],
          [
            90.4070221,
            23.7361797
          ]
        ]
      },
      "id": "way/376288266"
    },
    {
      "type": "Feature",
      "properties": {
        "@id": "way/376320755",
        "highway": "service"
      },
      "geometry": {
        "type": "LineString",
        "coordinates": [
          [
            90.4069475,
            23.737621
          ],
          [
            90.40694,
            23.7382648
          ]
        ]
      },
      "id": "way/376320755"
    },
    {
      "type": "Feature",
      "properties": {
        "@id": "way/432997246",
        "alt_name": "কাকরাইল সড়ক",
        "cycle_rickshaw": "no",
        "highway": "primary",
        "lanes": "3",
        "lit": "yes",
        "maxspeed": "60",
        "name": "কাকরাইল রোড",
        "name:bn": "কাকরাইল রোড",
        "name:en": "Kakrail Road",
        "oneway": "yes",
        "sidewalk": "left",
        "surface": "asphalt"
      },
      "geometry": {
        "type": "LineString",
        "coordinates": [
          [
            90.4041184,
            23.7370812
          ],
          [
            90.4040489,
            23.7369074
          ],
          [
            90.4040009,
            23.7367507
          ],
          [
            90.4039774,
            23.7366651
          ],
          [
            90.403954,
            23.7365698
          ],
          [
            90.4039178,
            23.7363471
          ],
          [
            90.4038951,
            23.7351073
          ],
          [
            90.4038357,
            23.7340403
          ],
          [
            90.4038343,
            23.7338141
          ],
          [
            90.4038338,
            23.7337297
          ]
        ]
      },
      "id": "way/432997246"
    },
    {
      "type": "Feature",
      "properties": {
        "@id": "way/506695204",
        "access": "yes",
        "agricultural": "yes",
        "bicycle": "yes",
        "cycleway:left": "lane",
        "emergency": "yes",
        "foot": "yes",
        "goods": "yes",
        "hgv": "yes",
        "highway": "trunk",
        "horse": "yes",
        "hov": "yes",
        "lanes": "7",
        "lit": "yes",
        "motorcar": "yes",
        "motorcycle": "yes",
        "name": "মানিক মিয়া এভিনিউ",
        "name:bn": "মানিক মিয়া এভিনিউ",
        "name:en": "Manik Mia Avenue",
        "oneway": "yes",
        "psv": "yes",
        "sidewalk": "left",
        "surface": "asphalt",
        "tourist_bus": "yes",
        "vehicle": "yes"
      },
      "geometry": {
        "type": "LineString",
        "coordinates": [
          [
            90.3834007,
            23.7585079
          ],
          [
            90.3832892,
            23.7585429
          ],
          [
            90.3831907,
            23.7585544
          ],
          [
            90.3830735,
            23.7585512
          ],
          [
            90.3827785,
            23.7585239
          ],
          [
            90.3818457,
            23.7584784
          ],
          [
            90.381183,
            23.7584552
          ],
          [
            90.3809322,
            23.7584456
          ],
          [
            90.380196,
            23.7584088
          ],
          [
            90.3801546,
            23.7584083
          ],
          [
            90.3799613,
            23.7583992
          ],
          [
            90.3794351,
            23.7583695
          ],
          [
            90.3780416,
            23.7583077
          ],
          [
            90.3780345,
            23.7583073
          ],
          [
            90.3780276,
            23.7583073
          ],
          [
            90.3778001,
            23.7582984
          ],
          [
            90.3777153,
            23.7582951
          ],
          [
            90.375152,
            23.7582229
          ]
        ]
      },
      "id": "way/506695204"
    },
    {
      "type": "Feature",
      "properties": {
        "@id": "way/510182037",
        "highway": "residential",
        "name": "সড়ক ১৩",
        "name:en": "Road 13",
        "name:ur": "روڈ 13",
        "surface": "asphalt"
      },
      "geometry": {
        "type": "LineString",
        "coordinates": [
          [
            90.407252,
            23.7919123
          ],
          [
            90.4071631,
            23.7914134
          ],
          [
            90.4070753,
            23.7908192
          ],
          [
            90.4070222,
            23.7905135
          ]
        ]
      },
      "id": "way/510182037"
    },
    {
      "type": "Feature",
      "properties": {
        "@id": "way/510182038",
        "highway": "residential",
        "name": "সড়ক ১৩",
        "name:en": "Road 13"
      },
      "geometry": {
        "type": "LineString",
        "coordinates": [
          [
            90.407477,
            23.7929943
          ],
          [
            90.4073961,
            23.7925466
          ]
        ]
      },
      "id": "way/510182038"
    },
    {
      "type": "Feature",
      "properties": {
        "@id": "way/510182039",
        "highway": "residential"
      },
      "geometry": {
        "type": "LineString",
        "coordinates": [
          [
            90.406586,
            23.7933693
          ],
          [
            90.4075947,
            23.7932291
          ]
        ]
      },
      "id": "way/510182039"
    },
    {
      "type": "Feature",
      "properties": {
        "@id": "way/510182245",
        "highway": "residential",
        "lane_markings": "no",
        "name": "সড়ক ১৭এ",
        "name:en": "Road 17A",
        "surface": "asphalt"
      },
      "geometry": {
        "type": "LineString",
        "coordinates": [
          [
            90.4082504,
            23.7922671
          ],
          [
            90.409367,
            23.7921165
          ]
        ]
      },
      "id": "way/510182245"
    },
    {
      "type": "Feature",
      "properties": {
        "@id": "way/510873371",
        "highway": "residential",
        "layer": "1"
      },
      "geometry": {
        "type": "LineString",
        "coordinates": [
          [
            90.3844449,
            23.7569626
          ],
          [
            90.3835242,
            23.7568735
          ]
        ]
      },
      "id": "way/510873371"
    },
    {
      "type": "Feature",
      "properties": {
        "@id": "way/565363165",
        "highway": "residential",
        "lit": "no",
        "maxspeed:type": "BD:urban",
        "name": "Pashchim Rajabazar",
        "surface": "asphalt"
      },
      "geometry": {
        "type": "LineString",
        "coordinates": [
          [
            90.3827101,
            23.7578699
          ],
          [
            90.3827567,
            23.7571035
          ],
          [
            90.3828772,
            23.7563369
          ],
          [
            90.3828677,
            23.7559282
          ]
        ]
      },
      "id": "way/565363165"
    },
    {
      "type": "Feature",
      "properties": {
        "@id": "way/585237702",
        "highway": "residential",
        "name": "Segunbagicha Road"
      },
      "geometry": {
        "type": "LineString",
        "coordinates": [
          [
            90.4069385,
            23.7374958
          ],
          [
            90.4069363,
            23.7373988
          ],
          [
            90.406926,
            23.7373067
          ],
          [
            90.4069034,
            23.7372013
          ],
          [
            90.4068703,
            23.7370844
          ],
          [
            90.4068338,
            23.737002
          ],
          [
            90.4067867,
            23.7369269
          ],
          [
            90.4066608,
            23.7367807
          ],
          [
            90.4065063,
            23.7365528
          ],
          [
            90.4064697,
            23.7364912
          ],
          [
            90.4064466,
            23.7364295
          ],
          [
            90.4064256,
            23.7362708
          ],
          [
            90.4064234,
            23.7361457
          ],
          [
            90.406424,
            23.7360084
          ]
        ]
      },
      "id": "way/585237702"
    },
    {
      "type": "Feature",
      "properties": {
        "@id": "way/606350263",
        "highway": "residential",
        "name": "সড়ক ২৪",
        "name:bn": "সড়ক ২৪",
        "name:en": "Road 24",
        "name:ur": "روڈ 24"
      },
      "geometry": {
        "type": "LineString",
        "coordinates": [
          [
            90.4066636,
            23.7945402
          ],
          [
            90.4081944,
            23.7953718
          ]
        ]
      },
      "id": "way/606350263"
    },
    {
      "type": "Feature",
      "properties": {
        "@id": "way/606351146",
        "highway": "secondary_link",
        "name": "এনামুল হক চৌধুরী সড়ক",
        "name:en": "Enamul Haque Chowdhury Road, Road 10"
      },
      "geometry": {
        "type": "LineString",
        "coordinates": [
          [
            90.4066298,
            23.7936384
          ],
          [
            90.4066389,
            23.7937491
          ]
        ]
      },
      "id": "way/606351146"
    },
    {
      "type": "Feature",
      "properties": {
        "@id": "way/606352020",
        "highway": "residential",
        "name": "Road 49"
      },
      "geometry": {
        "type": "LineString",
        "coordinates": [
          [
            90.4106544,
            23.7936444
          ],
          [
            90.4107766,
            23.7925555
          ]
        ]
      },
      "id": "way/606352020"
    },
    {
      "type": "Feature",
      "properties": {
        "@id": "way/644407975",
        "cycle_rickshaw": "no",
        "highway": "primary",
        "lanes": "2",
        "lit": "yes",
        "name": "কাকরাইল রোড",
        "oneway": "yes",
        "sidewalk": "left",
        "surface": "asphalt"
      },
      "geometry": {
        "type": "LineString",
        "coordinates": [
          [
            90.4037989,
            23.7363347
          ],
          [
            90.4038202,
            23.7364499
          ],
          [
            90.4038664,
            23.7366456
          ],
          [
            90.4039372,
            23.7368434
          ],
          [
            90.404004,
            23.7370018
          ],
          [
            90.4040413,
            23.7370678
          ],
          [
            90.4040785,
            23.7371381
          ],
          [
            90.4041258,
            23.7372578
          ],
          [
            90.4041541,
            23.7373252
          ],
          [
            90.4041706,
            23.7373578
          ],
          [
            90.4041941,
            23.737384
          ],
          [
            90.4043067,
            23.737426
          ],
          [
            90.4045062,
            23.7374759
          ],
          [
            90.4048577,
            23.73757
          ],
          [
            90.4049391,
            23.7376012
          ],
          [
            90.4050191,
            23.7376299
          ],
          [
            90.4051145,
            23.737668
          ]
        ]
      },
      "id": "way/644407975"
    },
    {
      "type": "Feature",
      "properties": {
        "@id": "way/669017689",
        "cycle_rickshaw": "no",
        "highway": "primary",
        "lanes": "2",
        "lit": "yes",
        "oneway": "yes",
        "surface": "asphalt"
      },
      "geometry": {
        "type": "LineString",
        "coordinates": [
          [
            90.4042335,
            23.7372881
          ],
          [
            90.4041941,
            23.737384
          ],
          [
            90.4040932,
            23.7376279
          ]
        ]
      },
      "id": "way/669017689"
    },
    {
      "type": "Feature",
      "properties": {
        "@id": "way/669017690",
        "cycle_rickshaw": "no",
        "highway": "primary",
        "lanes": "2",
        "lit": "yes",
        "name": "কাকরাইল রোড",
        "oneway": "yes",
        "sidewalk": "left",
        "surface": "asphalt"
      },
      "geometry": {
        "type": "LineString",
        "coordinates": [
          [
            90.4042335,
            23.7372881
          ],
          [
            90.4042112,
            23.7372625
          ],
          [
            90.4041893,
            23.737225
          ],
          [
            90.4041184,
            23.7370812
          ]
        ]
      },
      "id": "way/669017690"
    },
    {
      "type": "Feature",
      "properties": {
        "@id": "way/678551299",
        "highway": "service",
        "service": "alley"
      },
      "geometry": {
        "type": "LineString",
        "coordinates": [
          [
            90.4067867,
            23.7369269
          ],
          [
            90.4069285,
            23.736935
          ],
          [
            90.4072101,
            23.7369399
          ],
          [
            90.4073282,
            23.7369522
          ]
        ]
      },
      "id": "way/678551299"
    },
    {
      "type": "Feature",
      "properties": {
        "@id": "way/678551589",
        "highway": "service",
        "service": "alley"
      },
      "geometry": {
        "type": "LineString",
        "coordinates": [
          [
            90.4072183,
            23.7360047
          ],
          [
            90.407237,
            23.7365397
          ]
        ]
      },
      "id": "way/678551589"
    },
    {
      "type": "Feature",
      "properties": {
        "@id": "way/681506965",
        "highway": "footway"
      },
      "geometry": {
        "type": "LineString",
        "coordinates": [
          [
            90.4083918,
            23.7971373
          ],
          [
            90.4086972,
            23.7969099
          ],
          [
            90.4088618,
            23.7967225
          ],
          [
            90.4088739,
            23.7966942
          ],
          [
            90.4090699,
            23.7963593
          ],
          [
            90.4091025,
            23.7962693
          ],
          [
            90.4091246,
            23.7959596
          ],
          [
            90.4091525,
            23.7958038
          ],
          [
            90.4091641,
            23.7957263
          ],
          [
            90.4092237,
            23.7953306
          ],
          [
            90.4092445,
            23.7951438
          ],
          [
            90.4092701,
            23.7949141
          ],
          [
            90.4093971,
            23.7941888
          ],
          [
            90.409405,
            23.7941273
          ],
          [
            90.4094836,
            23.7935193
          ]
        ]
      },
      "id": "way/681506965"
    },
    {
      "type": "Feature",
      "properties": {
        "@id": "way/681506967",
        "highway": "service",
        "oneway": "no",
        "service": "alley"
      },
      "geometry": {
        "type": "LineString",
        "coordinates": [
          [
            90.4099652,
            23.7947137
          ],
          [
            90.4105698,
            23.7947227
          ],
          [
            90.410649,
            23.7947316
          ]
        ]
      },
      "id": "way/681506967"
    },
    {
      "type": "Feature",
      "properties": {
        "@id": "way/688682440",
        "highway": "residential",
        "lit": "no",
        "maxspeed:type": "BD:urban",
        "name": "রাজা বাজার- ইন্দিরা রোড",
        "name:bn": "রাজা বাজার- ইন্দিরা রোড",
        "name:en": "Raja Bazar- Indira Road",
        "surface": "asphalt"
      },
      "geometry": {
        "type": "LineString",
        "coordinates": [
          [
            90.3818159,
            23.757788
          ],
          [
            90.3807449,
            23.7577938
          ],
          [
            90.3807154,
            23.7577709
          ]
        ]
      },
      "id": "way/688682440"
    },
    {
      "type": "Feature",
      "properties": {
        "@id": "way/697024122",
        "highway": "residential",
        "lit": "yes",
        "sidewalk": "both",
        "surface": "asphalt"
      },
      "geometry": {
        "type": "LineString",
        "coordinates": [
          [
            90.4042438,
            23.7414091
          ],
          [
            90.4044422,
            23.7408293
          ],
          [
            90.404461,
            23.740817
          ],
          [
            90.4044852,
            23.7408096
          ],
          [
            90.4047802,
            23.7409029
          ],
          [
            90.4048379,
            23.7408894
          ],
          [
            90.4048781,
            23.7408575
          ],
          [
            90.4048955,
            23.7408342
          ],
          [
            90.4053515,
            23.7397293
          ],
          [
            90.4053596,
            23.7396483
          ],
          [
            90.4053274,
            23.7395747
          ],
          [
            90.4051584,
            23.7394912
          ],
          [
            90.4047199,
            23.7393782
          ],
          [
            90.4035705,
            23.7390566
          ],
          [
            90.4032772,
            23.738937
          ]
        ]
      },
      "id": "way/697024122"
    },
    {
      "type": "Feature",
      "properties": {
        "@id": "way/736715934",
        "highway": "pedestrian",
        "noname": "yes"
      },
      "geometry": {
        "type": "LineString",
        "coordinates": [
          [
            90.3862184,
            23.7582233
          ],
          [
            90.3861627,
            23.7589784
          ]
        ]
      },
      "id": "way/736715934"
    },
    {
      "type": "Feature",
      "properties": {
        "@id": "way/737197564",
        "access": "permissive",
        "highway": "service"
      },
      "geometry": {
        "type": "LineString",
        "coordinates": [
          [
            90.3842391,
            23.759024
          ],
          [
            90.3841577,
            23.7590207
          ],
          [
            90.3841448,
            23.7590121
          ],
          [
            90.3841311,
            23.7590029
          ],
          [
            90.3841344,
            23.7589747
          ],
          [
            90.3841363,
            23.7589353
          ],
          [
            90.3841391,
            23.7588761
          ]
        ]
      },
      "id": "way/737197564"
    },
    {
      "type": "Feature",
      "properties": {
        "@id": "way/737211717",
        "highway": "service"
      },
      "geometry": {
        "type": "LineString",
        "coordinates": [
          [
            90.3818749,
            23.7583162
          ],
          [
            90.3818593,
            23.7583484
          ],
          [
            90.3818473,
            23.7583732
          ],
          [
            90.3818457,
            23.7584784
          ]
        ]
      },
      "id": "way/737211717"
    },
    {
      "type": "Feature",
      "properties": {
        "@id": "way/752118207",
        "highway": "service",
        "surface": "asphalt"
      },
      "geometry": {
        "type": "LineString",
        "coordinates": [
          [
            90.4052724,
            23.737414
          ],
          [
            90.4052791,
            23.7373551
          ]
        ]
      },
      "id": "way/752118207"
    },
    {
      "type": "Feature",
      "properties": {
        "@id": "way/752118208",
        "highway": "service"
      },
      "geometry": {
        "type": "LineString",
        "coordinates": [
          [
            90.4052791,
            23.7373551
          ],
          [
            90.4053247,
            23.737317
          ],
          [
            90.4054025,
            23.7372974
          ],
          [
            90.4054762,
            23.7372421
          ],
          [
            90.4055352,
            23.7371697
          ],
          [
            90.4055701,
            23.7371255
          ],
          [
            90.4055795,
            23.7370641
          ],
          [
            90.4055768,
            23.7369156
          ],
          [
            90.4059228,
            23.7369205
          ]
        ]
      },
      "id": "way/752118208"
    },
    {
      "type": "Feature",
      "properties": {
        "@id": "way/752118209",
        "cycle_rickshaw": "no",
        "highway": "primary_link",
        "oneway": "yes",
        "surface": "asphalt"
      },
      "geometry": {
        "type": "LineString",
        "coordinates": [
          [
            90.40625,
            23.7374766
          ],
          [
            90.4061843,
            23.7374348
          ],
          [
            90.4061132,
            23.7374029
          ],
          [
            90.4060328,
            23.7373974
          ],
          [
            90.4059134,
            23.7373993
          ],
          [
            90.4053341,
            23.7374152
          ],
          [
            90.4052724,
            23.737414
          ],
          [
            90.4052123,
            23.7374195
          ],
          [
            90.4051945,
            23.7374212
          ],
          [
            90.4050678,
            23.7374315
          ],
          [
            90.4050118,
            23.7374312
          ],
          [
            90.4049584,
            23.7374235
          ]
        ]
      },
      "id": "way/752118209"
    },
    {
      "type": "Feature",
      "properties": {
        "@id": "way/757767378",
        "highway": "living_street",
        "layer": "2"
      },
      "geometry": {
        "type": "LineString",
        "coordinates": [
          [
            90.3859766,
            23.7610069
          ],
          [
            90.3856585,
            23.760988
          ],
          [
            90.3853439,
            23.760974
          ],
          [
            90.3853087,
            23.7609643
          ],
          [
            90.3852746,
            23.7609403
          ],
          [
            90.3852818,
            23.7608468
          ],
          [
            90.3853242,
            23.7606691
          ],
          [
            90.3853657,
            23.760496
          ],
          [
            90.3854115,
            23.760057
          ]
        ]
      },
      "id": "way/757767378"
    },
    {
      "type": "Feature",
      "properties": {
        "@id": "way/757767451",
        "highway": "living_street",
        "layer": "1"
      },
      "geometry": {
        "type": "LineString",
        "coordinates": [
          [
            90.3852818,
            23.7608468
          ],
          [
            90.3849407,
            23.760825
          ],
          [
            90.3849869,
            23.7605236
          ],
          [
            90.3846931,
            23.7604327
          ],
          [
            90.3844217,
            23.7603291
          ],
          [
            90.3839775,
            23.7603033
          ]
        ]
      },
      "id": "way/757767451"
    },
    {
      "type": "Feature",
      "properties": {
        "@id": "way/941966397",
        "bicycle": "no",
        "crossing": "bridge",
        "footway": "crossing",
        "highway": "footway",
        "horse": "no",
        "surface": "metal"
      },
      "geometry": {
        "type": "LineString",
        "coordinates": [
          [
            90.407536,
            23.7377121
          ],
          [
            90.4076693,
            23.7377088
          ]
        ]
      },
      "id": "way/941966397"
    },
    {
      "type": "Feature",
      "properties": {
        "@id": "way/942218927",
        "highway": "path",
        "surface": "sett"
      },
      "geometry": {
        "type": "LineString",
        "coordinates": [
          [
            90.4030437,
            23.735954
          ],
          [
            90.4030765,
            23.7362951
          ]
        ]
      },
      "id": "way/942218927"
    },
    {
      "type": "Feature",
      "properties": {
        "@id": "way/1055297794",
        "cycle_rickshaw": "no",
        "highway": "trunk",
        "lanes": "2",
        "maxheight": "5",
        "oneway": "yes"
      },
      "geometry": {
        "type": "LineString",
        "coordinates": [
          [
            90.3837981,
            23.7589701
          ],
          [
            90.383832,
            23.7589459
          ],
          [
            90.3838704,
            23.7589327
          ],
          [
            90.383911,
            23.7589275
          ],
          [
            90.3841095,
            23.7589336
          ],
          [
            90.3841363,
            23.7589353
          ],
          [
            90.3851915,
            23.7590061
          ],
          [
            90.385247,
            23.7590088
          ],
          [
            90.3855575,
            23.7590239
          ],
          [
            90.3861407,
            23.7590522
          ],
          [
            90.3863069,
            23.7590603
          ],
          [
            90.3886178,
            23.7591725
          ],
          [
            90.3895619,
            23.7592167
          ],
          [
            90.3895928,
            23.7592253
          ],
          [
            90.3896156,
            23.7592388
          ],
          [
            90.3896504,
            23.7592757
          ],
          [
            90.3896827,
            23.7593203
          ]
        ]
      },
      "id": "way/1055297794"
    },
    {
      "type": "Feature",
      "properties": {
        "@id": "way/1086155302",
        "highway": "primary",
        "oneway": "yes"
      },
      "geometry": {
        "type": "LineString",
        "coordinates": [
          [
            90.40543,
            23.7380131
          ],
          [
            90.4054429,
            23.7379242
          ],
          [
            90.4054336,
            23.7378407
          ],
          [
            90.4054362,
            23.737756
          ],
          [
            90.4054416,
            23.7377216
          ],
          [
            90.405455,
            23.7376823
          ],
          [
            90.4054818,
            23.7376565
          ],
          [
            90.4055194,
            23.7376357
          ],
          [
            90.405573,
            23.7376098
          ]
        ]
      },
      "id": "way/1086155302"
    },
    {
      "type": "Feature",
      "properties": {
        "@id": "way/1086155304",
        "highway": "primary_link",
        "lane_markings": "no",
        "oneway": "yes",
        "surface": "asphalt"
      },
      "geometry": {
        "type": "LineString",
        "coordinates": [
          [
            90.4052123,
            23.7374195
          ],
          [
            90.4051516,
            23.7374662
          ]
        ]
      },
      "id": "way/1086155304"
    },
    {
      "type": "Feature",
      "properties": {
        "@id": "way/1086155890",
        "highway": "primary_link"
      },
      "geometry": {
        "type": "LineString",
        "coordinates": [
          [
            90.4028447,
            23.7391335
          ],
          [
            90.4029308,
            23.7392123
          ]
        ]
      },
      "id": "way/1086155890"
    },
    {
      "type": "Feature",
      "properties": {
        "@id": "way/1104366808",
        "cycleway:left": "lane",
        "highway": "trunk_link",
        "lanes": "2",
        "oneway": "yes"
      },
      "geometry": {
        "type": "LineString",
        "coordinates": [
          [
            90.3823376,
            23.7587278
          ],
          [
            90.3823886,
            23.7587567
          ],
          [
            90.3824422,
            23.7587806
          ],
          [
            90.3824959,
            23.7587916
          ],
          [
            90.3825495,
            23.7587978
          ],
          [
            90.3834494,
            23.7588481
          ],
          [
            90.3835205,
            23.7588665
          ],
          [
            90.3835634,
            23.7588873
          ],
          [
            90.3835928,
            23.7589073
          ],
          [
            90.3836224,
            23.7589377
          ],
          [
            90.3836479,
            23.7589758
          ],
          [
            90.3836743,
            23.7590756
          ]
        ]
      },
      "id": "way/1104366808"
    },
    {
      "type": "Feature",
      "properties": {
        "@id": "way/1104366809",
        "access": "yes",
        "agricultural": "yes",
        "bicycle": "yes",
        "emergency": "yes",
        "foot": "yes",
        "goods": "yes",
        "hgv": "yes",
        "highway": "trunk",
        "horse": "yes",
        "hov": "yes",
        "lanes": "4",
        "lit": "yes",
        "motorcar": "yes",
        "motorcycle": "yes",
        "name": "মানিক মিয়া এভিনিউ",
        "name:bn": "মানিক মিয়া এভিনিউ",
        "name:en": "Manik Mia Avenue",
        "oneway": "yes",
        "psv": "yes",
        "sidewalk": "right",
        "surface": "asphalt",
        "tourist_bus": "yes",
        "vehicle": "yes"
      },
      "geometry": {
        "type": "LineString",
        "coordinates": [
          [
            90.3823376,
            23.7587278
          ],
          [
            90.3834749,
            23.7587303
          ],
          [
            90.383659,
            23.7587152
          ]
        ]
      },
      "id": "way/1104366809"
    },
    {
      "type": "Feature",
      "properties": {
        "@id": "way/1148288325",
        "highway": "residential",
        "name": "রাজা বাজার- ইন্দিরা রোড",
        "name:bn": "রাজা বাজার- ইন্দিরা রোড",
        "name:en": "Raja Bazar- Indira Road"
      },
      "geometry": {
        "type": "LineString",
        "coordinates": [
          [
            90.3835296,
            23.7579471
          ],
          [
            90.3835132,
            23.7581896
          ],
          [
            90.3835401,
            23.7584044
          ]
        ]
      },
      "id": "way/1148288325"
    },
    {
      "type": "Feature",
      "properties": {
        "@id": "way/1205721991",
        "access": "yes",
        "bicycle": "yes",
        "foot": "yes",
        "highway": "primary",
        "horse": "yes",
        "lanes": "3",
        "lit": "yes",
        "maxheight": "4.4",
        "maxspeed": "50",
        "motor_vehicle": "yes",
        "name": "বেগম রোকেয়া সরণী",
        "name:bn": "বেগম রোকেয়া সরণী",
        "name:en": "Begum Rokeya Sharani",
        "oneway": "yes",
        "sidewalk": "both",
        "source": "mapbox;bing",
        "surface": "asphalt"
      },
      "geometry": {
        "type": "LineString",
        "coordinates": [
          [
            90.3834071,
            23.7651996
          ],
          [
            90.3834131,
            23.7649813
          ],
          [
            90.383425,
            23.7647114
          ],
          [
            90.383428,
            23.7646408
          ],
          [
            90.3834419,
            23.7644555
          ],
          [
            90.3834657,
            23.7636173
          ],
          [
            90.3835423,
            23.7624726
          ],
          [
            90.3836289,
            23.7612156
          ],
          [
            90.3837082,
            23.7599813
          ],
          [
            90.38376,
            23.7591703
          ],
          [
            90.3837797,
            23.759054
          ],
          [
            90.3837981,
            23.7589701
          ],
          [
            90.383812,
            23.7589068
          ],
          [
            90.3838429,
            23.7587415
          ]
        ]
      },
      "id": "way/1205721991"
    },
    {
      "type": "Feature",
      "properties": {
        "@id": "way/1208591492",
        "cycle_rickshaw": "no",
        "highway": "primary",
        "lanes": "2",
        "maxspeed": "50",
        "name": "আঞ্জুমান মুফিদুল ইসলাম সড়ক",
        "name:bn": "আঞ্জুমান মুফিদুল ইসলাম সড়ক",
        "name:en": "Anjuman Mufidul Islam Road",
        "oneway": "yes",
        "source": "bing",
        "surface": "asphalt"
      },
      "geometry": {
        "type": "LineString",
        "coordinates": [
          [
            90.4069385,
            23.7374958
          ],
          [
            90.40625,
            23.7374766
          ],
          [
            90.4054641,
            23.7374786
          ],
          [
            90.4053313,
            23.7374749
          ]
        ]
      },
      "id": "way/1208591492"
    },
    {
      "type": "Feature",
      "properties": {
        "@id": "way/1223665968",
        "highway": "service"
      },
      "geometry": {
        "type": "LineString",
        "coordinates": [
          [
            90.4076311,
            23.7375118
          ],
          [
            90.4076811,
            23.7369229
          ]
        ]
      },
      "id": "way/1223665968"
    },
    {
      "type": "Feature",
      "properties": {
        "@id": "way/1278492489",
        "highway": "trunk_link"
      },
      "geometry": {
        "type": "LineString",
        "coordinates": [
          [
            90.3841029,
            23.7588303
          ],
          [
            90.3841222,
            23.7581189
          ]
        ]
      },
      "id": "way/1278492489"
    },
    {
      "type": "Feature",
      "properties": {
        "@id": "way/1318046008",
        "highway": "footway",
        "surface": "paving_stones"
      },
      "geometry": {
        "type": "LineString",
        "coordinates": [
          [
            90.374177,
            23.7584907
          ],
          [
            90.3743257,
            23.7584989
          ],
          [
            90.3752223,
            23.7585482
          ],
          [
            90.3777714,
            23.7587087
          ],
          [
            90.3780745,
            23.7587278
          ],
          [
            90.3797334,
            23.7588048
          ],
          [
            90.3799248,
            23.7588108
          ],
          [
            90.3806868,
            23.7588348
          ],
          [
            90.3820544,
            23.758869
          ],
          [
            90.3829236,
            23.7589046
          ],
          [
            90.3834766,
            23.7589203
          ],
          [
            90.3835514,
            23.7589559
          ],
          [
            90.3836743,
            23.7590756
          ]
        ]
      },
      "id": "way/1318046008"
    },
    {
      "type": "Feature",
      "properties": {
        "@id": "way/1318046011",
        "highway": "footway",
        "surface": "paving_stones"
      },
      "geometry": {
        "type": "LineString",
        "coordinates": [
          [
            90.3745441,
            23.7579781
          ],
          [
            90.3746318,
            23.7580187
          ],
          [
            90.3752198,
            23.7580349
          ],
          [
            90.3760436,
            23.7580726
          ],
          [
            90.3769072,
            23.7581145
          ],
          [
            90.3778886,
            23.758136
          ],
          [
            90.3782703,
            23.7581617
          ],
          [
            90.3787301,
            23.7581792
          ],
          [
            90.3794633,
            23.7582325
          ],
          [
            90.37966,
            23.7582439
          ],
          [
            90.3799753,
            23.7582493
          ],
          [
            90.3801566,
            23.7582534
          ],
          [
            90.3811838,
            23.7583082
          ],
          [
            90.3816126,
            23.7583343
          ],
          [
            90.3818593,
            23.7583484
          ],
          [
            90.3823907,
            23.7583761
          ],
          [
            90.3833339,
            23.7584233
          ]
        ]
      },
      "id": "way/1318046011"
    },
    {
      "type": "Feature",
      "properties": {
        "@id": "way/1334656840",
        "highway": "residential",
        "lane_markings": "no",
        "name": "সড়ক ১৩সি",
        "name:en": "Road 13C",
        "surface": "asphalt"
      },
      "geometry": {
        "type": "LineString",
        "coordinates": [
          [
            90.4081634,
            23.7917409
          ],
          [
            90.4093009,
            23.7916042
          ]
        ]
      },
      "id": "way/1334656840"
    },
    {
      "type": "Feature",
      "properties": {
        "@id": "way/1341259201",
        "access": "yes",
        "agricultural": "yes",
        "bicycle": "yes",
        "emergency": "yes",
        "foot": "yes",
        "goods": "yes",
        "hgv": "yes",
        "highway": "trunk",
        "horse": "yes",
        "hov": "yes",
        "lanes": "7",
        "lit": "yes",
        "motorcar": "yes",
        "motorcycle": "yes",
        "name": "মানিক মিয়া এভিনিউ",
        "name:bn": "মানিক মিয়া এভিনিউ",
        "name:en": "Manik Mia Avenue",
        "oneway": "yes",
        "psv": "yes",
        "sidewalk": "left",
        "surface": "asphalt",
        "tourist_bus": "yes",
        "vehicle": "yes"
      },
      "geometry": {
        "type": "LineString",
        "coordinates": [
          [
            90.3835274,
            23.7584396
          ],
          [
            90.3834007,
            23.7585079
          ]
        ]
      },
      "id": "way/1341259201"
    },
    {
      "type": "Feature",
      "properties": {
        "@id": "way/1369866393",
        "highway": "footway"
      },
      "geometry": {
        "type": "LineString",
        "coordinates": [
          [
            90.4097727,
            23.7934589
          ],
          [
            90.4097823,
            23.7933919
          ],
          [
            90.409645,
            23.7914252
          ],
          [
            90.4096388,
            23.7912485
          ],
          [
            90.4096403,
            23.7910366
          ],
          [
            90.4097542,
            23.790801
          ],
          [
            90.4100454,
            23.7906603
          ],
          [
            90.4108471,
            23.7903858
          ],
          [
            90.4111663,
            23.790238
          ],
          [
            90.411319,
            23.7901703
          ],
          [
            90.4113928,
            23.7901353
          ],
          [
            90.4114021,
            23.7899405
          ]
        ]
      },
      "id": "way/1369866393"
    },
    {
      "type": "Feature",
      "properties": {
        "@id": "way/1370509371",
        "highway": "secondary_link",
        "name": "সড়ক ২৭",
        "name:en": "Road 27",
        "name:ur": "روڈ 27"
      },
      "geometry": {
        "type": "LineString",
        "coordinates": [
          [
            90.4085554,
            23.7934033
          ],
          [
            90.4085753,
            23.7935169
          ]
        ]
      },
      "id": "way/1370509371"
    },
    {
      "type": "Feature",
      "properties": {
        "@id": "way/1387777836",
        "highway": "secondary_link"
      },
      "geometry": {
        "type": "LineString",
        "coordinates": [
          [
            90.4106544,
            23.7936444
          ],
          [
            90.4106459,
            23.7937319
          ]
        ]
      },
      "id": "way/1387777836"
    },
    {
      "type": "Feature",
      "properties": {
        "@id": "way/1387780072",
        "highway": "footway",
        "lit": "no",
        "smoothness": "good",
        "surface": "paved"
      },
      "geometry": {
        "type": "LineString",
        "coordinates": [
          [
            90.4104872,
            23.7925349
          ],
          [
            90.4104261,
            23.7925086
          ],
          [
            90.4102593,
            23.7929663
          ],
          [
            90.4102435,
            23.7933513
          ],
          [
            90.4101881,
            23.7935386
          ]
        ]
      },
      "id": "way/1387780072"
    }
  ]
}